usuario,count
CulturaRSC,3
ACCIONA,8
Alfons_Valencia,2
ThomasGass,1
anikka91,1
ucfgos,1
RIPESStwit,1
linaarbelaez,2
FundacionRepsol,4
platdeinfancia,3
aambros,4
RadioRecabarren,1
sirCesarHerrero,8
AuditoriaAGN,6
ULPGC,2
javierramosl,1
UNITEC_hn,4
fpiazzesi,1
ONUMujeres,16
itaipuparaguay,13
opiniondemalaga,1
GVAturisme,5
EmbEspMauritani,1
BrookingsInst,1
crespial,2
SPRU,3
SantaMartaDTCH,2
nourmouati,1
NoblezaObliga_,1
boell_MXCA,1
ndequeiros,9
OLACEFS_oficial,2
GovernObertVLC,1
UpSocialBCN,2
PanchDominguez,1
elmorsa,1
aliciaselles,8
BrezoSintes,3
camiloiparra,10
FundacionBBVA,2
ignacioCESR,1
CSocialUDC,2
Campoder,3
ahinco_arg,1
RenanBarrera,1
Bankia,2
aitor_ecoper,2
ColonAlcaldia,1
LaRural_BsAs,1
RED2REDCons,2
agorarsc,50
AlmaCubanita,1
PanasJorgeYunda,1
contacteando,2
P_Mesoamerica,20
UNHumanRights,8
grpinnovaris,1
mvalerio_gu,44
konfekoop,10
UNV_ROLAC,2
SDAyR_Gto,1
ongAIDA,4
Mango,10
AeasAgua,3
PROhumana,1
Camelhub_SAS,2
ucomur,1
Fundacion_ONCE,6
fdbedout,1
Inmujer,10
Ma_LuDominguez,1
FundVodafone,7
Daniellarour,3
vikyvilarino,5
FiscaliadeChile,1
Cotec_Innova,4
MiFuturoVerde,2
WWFnoticias,1
innova_udc,1
la_informacion,9
InkaMattila,7
FBiodiversidad,5
Carojasque,4
2FrenteaFrente,1
AgustinMillanG,1
juntosenlamisma,2
GonzaloLarenas,1
WiesnerCarolina,1
sggranda,3
PNUD_ALGenera,8
Josefina_Fdez,1
bluegrowthvigo,15
GabPS9,1
CEADS_AR,102
GrupoBME,1
abrh4,4
ObservaRSE_,1
coscemex,9
MasterRSCUPV,2
M_Emprendedora,3
OITAndina,1
doloresb_planet,1
alrebalaje,1
AbacusCoop,1
gelapithecus,4
abc_es,1
ManuelaVillarU,1
IGOBINN,2
M_OlgaSCordero,1
_miguelvelasco,2
OMC_es,2
AzucareraES,1
deusto,4
ods5,1
Yola_MartinezL,6
FactoryMatters,14
CoworkingPTY,7
paolabernalf,1
CatedraHidralia,10
FundacionBeQual,18
LebanonUN,3
OleoRevista,3
2016Cep,1
FiscalesGobAr,4
ciedur,4
GS14LaSalle,4
FECPanama,1
AUARA_H2O,4
UgandaNewyork,1
CMEGalicia,6
marbrandd,3
AleMarticorena,1
Red_Carolina,22
meconomia,1
rnpy920am,5
s,2
ginariano,5
ZARA,4
FMayorZaragoza,5
BibliotecasSNBP,1
version_4,1
JaviYMar,3
AclimaEuskadi,7
M_LuzOrtega,13
gpolicywatch,1
UnLtdSpain,18
Vivirsinplastic,4
SaveChildrenLAC,3
ciudaddeciencia,1
PiscinaWellness,2
MarlisAracena,1
FUNDEMAS,2
DANE_Colombia,9
joseluisgcureno,2
emakundEJGV,1
ONU_derechos,1
marireguecorti,1
kikeguatemala,1
rnpy951fm,5
TelefonicaEC,3
mapagob,5
COP21,19
UNIDO,1
blogsostenible,1
jalmagro,1
portdebarcelona,5
SEUR,9
NatGeoEsp,1
silviaroro31,4
SmartCity_Net,18
culturavalverde,1
AaltoCons,1
sociedadcivilsv,1
ferrovial,1
elsa_ena,3
SenceChile,1
UTECuy,6
hispalis55,1
Coviran,7
EMPODERA_org,4
Deb_invexCuba,2
aytolalaguna_es,1
opendatacba,1
Mertrak,1
CocemfeBCN,6
CasaPBA,1
InstitutCerdaCL,11
gob_na,9
alesew23,1
Alberto_Guijarr,12
FundacionSES,3
CLIAO_AC,1
AndreSamaniego_,2
LuisCedres,3
social_rights,1
Ferfollos,4
FundPopular,1
TransMilenio,3
balancejoven,2
fzamorapolo,1
NP_Aguirrezabal,2
AlexArevalo15,2
GreenFactoryCol,1
elespectador,1
CafesNovell,2
BenitoHamidian,7
AMAEM_Oficial,2
Together_2030,2
el_telegrafo,1
jorgesolana,7
radioestel,5
reservasnatural,1
AshokaSpain,4
galloglobal,1
isjup1,2
JoseLuisGilGonz,7
PabloPonce,2
MatiasRamirez50,3
GiuliaMassobrio,12
OITnoticias,3
cbiblioperu,1
Deloitte_ES,6
elpais_economia,5
InapRD,4
e_lopez_moreno,8
IAU_AIU,10
Abertis,6
CEER_98,2
fesabid,15
rex_pedro,1
ANDIHonduras,8
AhychelE,1
FIIAPP,22
LuisJacomeG,1
PilukVillena,1
AtlanticoDiario,1
soleizquierdo,1
unilevercareers,1
FundacionUR,6
IngenierosFund,5
CIEYT_UNL,1
MexicoSocial_,8
scoutCdSol108,1
leguizamonml,2
iurkullu,7
CooperacionESP,18
LuisRuaACDC,1
GaiaPluto,1
YpsilomRSE,7
luis_ods,17
MarisaOrtizMa,2
MaacEc,8
bibliodonihue,1
davidgvtierrez,5
SANFI_Institute,1
BuildingYoungs,1
CamposRedes,2
enisa,20
Club_Excelencia,1
MIC_PY,1
amcquito,1
GrupoCosentino,3
CEMEX_Colombia,1
jd_dcruz,1
CKimirina,5
santiagocambero,1
UNODC_PERU,2
asocgaraje,102
IDEAMColombia,1
DeptCom_UPF,4
fundacionpablo,1
FMBBVA,9
javierre_es,1
AlltechSpain,3
urjc,1
saviogreenline,1
Carlos7alella,1
pkaltzada,1
SENAenBolivar,1
Turismo_DipCC,1
ONUMX,25
mluciaramirez,1
feijoo_costa,1
venturesco,1
SsPublicosMza,1
Cinesa,3
programaprovoca,1
EUSKALIT,1
NickyBravo1,1
CRMFAlbacete,1
mariagemaquint1,5
EuChemS,1
amendezb,3
stefanliller,5
ICMA_ML,1
Mafuensanta,5
Dummars,2
SenadoresPy,6
Javinadal,3
gobqro,1
UOCbiblioteca,5
lidlespana,1
CEMEX,1
nralarcon,4
hubprovidencia,2
ObservatorioRS,1
DelGobEnAragon,8
EY_Argentina,22
INSST_MITRAMISS,3
CSAcooperativa,6
OITCinterfor,1
MaJoseZuritaEc,2
paco_hevia,1
Banorte_mx,1
ekuischlaroche,3
jesusdelaosa,4
menarini_es,7
CentroAlba_,1
institutodialog,1
laserenisima,3
foretica,100
circuloverde_ec,1
SevillaTorre,5
RiveraVivanco_,2
Compromiso_Empr,2
AguasdeLeon,12
eapccat,1
MjoseChaconAg,2
Ana_F_Laviada,2
Bonchis15,1
Mjesusserranoj,1
futurodelagua,1
mariabuyo1,1
UN4Youth,1
dfcspain,10
PNUDBrasil,1
MiriamAlpizar1,2
STP_Paraguay,5
ANDI_Colombia,2
EnactusMexico,4
Ethic_,24
syntonize_,10
TeodoroRiberaN,1
SEIASA_OFICIAL,42
equomadrid,2
GobAragon,5
UninorteCO,3
bancomundialbr,1
zerotheplatform,2
UCAMCatedraRSC,160
btecasRM,1
EFEverdeCOP,1
ONUHabitatMex,27
osarmien_,18
radiocce,1
CEAes_,1
NicteLuna,2
UNDPAccLabs,2
Orgranico,3
CFATNVO,6
unc_cordoba,1
carmencampos_,2
Henkel,2
AmbienteNacion,3
HPHArgentina,4
CENFESAC,1
sostenibleXXI,2
guardian,1
tanuniversal,13
KotasekRafa,1
Johnny_Araya,1
suecallejas,1
18rodpf,8
RedAySSNavarra,5
SEO_BirdLife,13
DipdeBadajoz,1
alanbojanic,1
foroinserta,1
ASteiner,17
Revista4gatos,4
anaaemx,1
uicn_conserva,1
CamaraCIP,12
Belen_Viloria,9
conectapersonas,1
recircular_net,2
NatGeoEducation,1
mandiserveispv,3
bsguitian,2
Suni_Sanchez,1
eoi,1
visibles_org,2
IAVE,1
GestionsocialCL,1
UNDPClimate,1
euronewses,1
soshumanidad,2
malaga,12
ENAIRE,14
IFC_LAC,1
Ecoavantis,2
TurismoEspGob,2
ecorina,3
REDAC_DDHH,2
segegob,2
Ayto_Montilla,10
accelerate2030,1
CiudadCCS,1
EFEverde,7
CedeusChile,6
LeoGutson,3
FBienestarec,1
RedSapdu,4
JaimeTatay,1
cambrabcn,1
CVONGD,5
SEDESUQro,1
comunideas_,1
AEF_fundaciones,12
meritxell_batet,13
battleco2life,1
PacoLuisGRX,2
gadis,4
MarketingActivo,2
ElPrincipitoTW,1
Espana_Peru,10
AragonAbierto,1
SDGtracker,1
EducacionRDo,7
Metropolialtens,1
BIOINTROPIC,1
jorgegiorno,2
ESE_CC,1
iberdrola,19
toptnc,1
amigaettsocial,5
Funddateces,13
AccionODS,17
Mtgr_Uah,1
Ambiente_Ec,4
IpfPortal,1
alianzasmartlat,5
LandOLakesInc,1
aldeaspanama,6
EdurneVidal,9
SDG2030,7
ING_es,3
economiadelagua,11
ObservatDDHH,5
BancoMundialLAC,3
sectorceca,1
UdeSA,3
ViajeroCiencia,4
EFEempresas,2
UGT_Comunica,241
finechiquier,1
Atlanticonnect_,1
UCLVCU,13
UniJaveriana,3
jrockstrom,1
EditaOla,1
santiordz,1
UNICEFMexico,1
maprerd,1
TVTorrevieja,7
unisdr,1
Campofrio_es,6
APLU_Galicia,2
MEPyDRD,8
CaixaForum,2
ASCUN1,2
santiagopinzong,2
_CIDS,2
kaleidosred,1
ONUArgentina,17
SincroTruck,8
AEU_OliverioCDL,15
raguilarandrade,2
ciudadesODS,5
LAB_Ecoinnova,2
ricohspain,5
maribelesparcia,1
FantovaFernando,1
COE_es,6
PEspinosaC,2
MujerysaludEs,1
onumujeresRD,1
Auren_Spain,2
arends_hel,6
nuriaoliver,2
CH_Ebro,4
exYge,1
ayudaenaccion,12
maylopez27,3
Borja_Monreal,1
UnicefChile,6
CreasTwitt,1
Grupo_init,2
UAGroVerde,3
COPARMEXVer,1
jovenmania,1
SEGIBdigital,147
as_uco,2
markova_cj,37
Los18org,2
forokoop,16
forogreencities,1
getupandgoalsES,1
PastorinoJavier,1
Ayuntamientovdb,1
cartiga_global,9
PNUDUruguay,37
unifavaloro,1
CEDREAC,1
RazonFe,7
pactoglobalARG,50
Xunta,3
BarutaEnMov,1
UNRISD,6
gblumel,1
infoaquara,12
bcn_ajuntament,1
reduca_al,17
ISFAndalucia,2
greeneventsbcn,1
fecoreva,1
aytoviedo,1
fund_adecco,5
EmbBrasilEspana,1
MSCenEspana,5
AAB_Cuba,3
ambientejujuy,2
cglu,4
globaldit,3
vocesyrazones,1
GobTlaxcala,2
NOAA,1
WorkersEESC,4
Riegos_AA,17
CEOE_ES,95
Ext_Jursoc,4
EGardiazabal,1
a_publica,1
MendozaGobierno,2
grupo_sifu,4
BomberosFund,1
SoyValor,1
ArgentinaUN,34
unicode,1
MadridNetwork,33
URJC_Inclusiva,1
Rimisp,3
mexicanyl,2
pazpyma,2
acTBistas,4
nanarquitectura,2
RespSocialNet,1
muniptovaras,1
Ps_Digitales,42
SGplaco,1
Vates_SA,1
LabEspacioPMx,3
SERCatalunya,1
FESChile,1
CooperasUex,2
diasporadas,2
diariosevilla,3
MCMTelecom,2
JonathanPleitez,6
UNFCCCwebcast,2
CentraRSE,10
rafanavarro_c,1
EnriquePenalosa,2
ISS_ES,13
CulturaNacionAR,2
dzabalaba_,19
EstrellaDammCat,1
estacio_marina,2
liverur,1
oscarlopeztwit,18
FundacionGEP,1
ConxemarOficial,4
SID_INT,1
neydimexico,2
LucasAldana,1
Sumarse,18
ClusterVivienda,3
And_Sostenible,1
vozdesantiago,1
mercociudades,1
MastrangeloA,16
crecverde,1
ecosynomics,2
Eduardo_Bezares,4
AytoArroyoMad,1
colinita,1
Herri_Irratia,7
turismodelvalle,1
Excelencia_Comp,7
Grinscooters,1
UclgLed,4
AmericaSolCol,2
SEmpresarialBoy,1
MARN_SV,1
golgimx,1
tinamonge,7
RSEOnline,1
jjbamo,21
sanchezcastejon,3
DiariodeCA,4
changeNOWsummit,2
CMDMexico,5
jjnucleares,1
pastorams,17
FacesUCPosgrado,6
actionlac,2
een_madrid,7
CADENA100,3
anaisojz,1
UNDRR,1
SaboraMalaga,1
MisraimM,1
MarcelaBacigalu,2
PNUDHN,10
josemcar,8
Cami1948,1
AlcaldiadeStgo,1
malechi09,1
IAF_Aragon,5
Julissaphn,1
SocialabMx,2
UMETeduar,2
AteneoSRA,1
TippyteaBlends,1
bcnchile,1
UEenParaguay,8
TrinessSD,2
ONUDI_Mexico,3
I2ImpactSocial,3
MDiosR,3
CSA_TUCA,1
econ_circularec,1
ABassolsUE,5
JUANP_DELEON,1
AEM_mx,1
SociosCCS,1
JuanMarin_Cs,26
RedInternacion6,1
crejaen,1
BASF_ES,8
picazomario,1
marcelobondoni,1
marisabelmejia,1
BuenosDiasOM,4
TheWJP_mx,4
csdiazguerra,4
henriquefrot,1
LoroHomero,1
GranCanariaCab,1
AECIDEGIPTO,5
valmesa,1
Facoan_,2
FPSOMC,9
IES1LIBERTAS,15
fundacionGSR,3
jorgearbar,3
FundacionETEA,3
unirioja,4
dayannamonroy,2
UN,169
GPSalmeron,57
aquavall,2
respon_cat,1
SellinUruguay,9
EtnograficaCL,4
aeioLuz,2
MediaMarkt_es,1
InniciaAnd,1
NotiUC,1
deustoCitiesLab,1
ISMERCOSUR,6
logan4105,68
infouex,4
OlgaMancilla4,1
PNUDChile,50
Aldi_es,2
camcomhida,18
suezES,42
jcarlosgonz,5
Spain_China,2
MarotoReyes,1
UEenARG,3
Pernod_RicardES,2
ONUDIColombia,1
Ric_MoralesV,1
lasallesestao,5
CharlesTPowell,1
ROCKWOOL_ES,6
Funder02315176,1
ProximaCL,13
EducaAndInnova,1
clg_chile,1
javiergarciamar,30
greenpeace_es,1
ecienciacom,4
chava_BGK,1
AmaliaVsquez3,15
UNHabitatSpain,7
Borjamonde,7
ecodes,43
prosalus,3
urbaser_,7
salido_sanchez,3
EriiRamirezs,8
enMONDRAGON,1
EducacionStaMta,2
IAEALUMNI,2
oidel_edu,8
Lise_Kingo,1
LeninaAmapola,15
EdadyVida,4
uclm,1
belamoralesf,7
Senado_BA,8
sedhHonduras,1
soziableES,1
MMLufer,1
OECDdev,5
delcampoalcole,1
normanmva,1
DevCooperation,18
Cerro_Castor,1
REMECID,3
AnelisMarichal,11
EcoherenciaSCA,3
RFT2,5
boldomar,4
funalternativas,1
nurialomar,25
CaterinaOMH,1
paujournaliste,3
Asamblea010,2
AxSolidaridad,10
Imserso,1
alvaroandradeec,1
gitanos_org_MA,1
JOVESOLIDES,21
RocioAguilarTe1,6
acsinergia,130
fveglio,2
CaminoColectivo,3
LaPalmaBiosfera,3
cesarlitardo,4
JapanMissionUN,8
scarvao1,1
JaviNieves,3
mavalerod,1
Ambienteseuro,3
Fundeorg,4
ITAINNOVA,4
NormasUNE,16
5050GL,9
TelemercadoAR,1
MonicaSilvanaG,3
FJ_Merida,4
CepymeNews,1
cmmsoria,84
MakenMx,1
Guillermo_Z,1
ItalikaOficial,1
Intrascender,4
institutopolis,2
EmilceVegaEOK,1
rogeliovelascop,1
ferlade,1
hamzahpty,2
intuMediterrani,13
ongdclm,15
agr_sostenible,6
MacondoLab,1
BBVABancaRespon,1
upvehu,16
Energia_Ar,2
foroconsultivo,6
utpl,7
UN_Claretians,15
TranspiSS,1
torreviejaturis,7
EAFIT,3
MatthiasThorns,1
comunitariapue,2
cohife1,3
SaludPublicaRD,7
Jbernaldezg,1
idealistas_org,5
Teresaribera,6
AlmudenaDiez,12
DelGobVG,35
Bluedotsite,4
ColeSF_Patro,1
MonedaVaramedi,2
luismi_barral,1
rpcradio,1
facesuc1,2
ConferenciaODS,1
TeresitaMadera,2
Cermi_Estatal,4
MarioVaquerano,1
AragonEMPRESA,8
GVAoberta,1
FEMPRENSA,1
PauSolanilla,10
SOUJI_recicla,1
leonardombaez,7
CelebraALoBien,2
GobiernoDeEspan,3
UniofOxford,1
Telefonica,8
Ssocialesgob,2
UCCI_SG,17
women2030,2
aprofesalud,1
BelenBelenfarma,2
bilbao_udala,2
NoticiasNavarra,1
jp_economics,1
SpainUN,63
Cofares,7
CECODES,3
2030Agenda,1
rednaranjaorg,1
cemad_es,8
TheLynchLab,1
ObservaTur_GTO,4
AERTECsol_es,3
pacoquart,3
AscensoresOtis,1
ambientumcom,1
cursosyconvoc,2
auchan,1
MareColombia,2
FEVECTA,1
dinapsis,2
AnsemacAND,1
VickyDavilaH,1
UNWebTV,1
kislingerluisa,1
hechodeagua,2
Ortizconce,1
LillyES,13
YouTube,9
coopstreball,1
MSPE_Andalucia,2
ophi_oxford,1
lauraprietoguij,2
Colprensa,2
ExterioresLGTBI,1
clairemelamed,4
Nati_Molinaj,1
min_ciencia,1
GaitanVillegas,1
ObservatorioCUD,6
elOrdenMundial,1
andreslabella,1
fundacionfade,22
CTransp,8
CooprogresoEC,2
COFIDES,4
carlospineyroa,1
Edudesarrollo,10
ComisionODSRD,4
GIZEcuador,1
clauavruj,1
CEMENTOHORMIGON,4
Pablolinde,3
GloManzotti,1
cooperacion,4
colsangregorio,1
anamillanj,1
InternacCDMX,2
arcor,2
HablemosDDiseno,1
EkobideakKoop,2
madodibe,1
SincroAsesores,2
manupleguezuelo,15
MisionVienaOI,2
PelayoCastroUE,5
longinosmarin,7
Presidencia1821,1
CLUBHUIRAPUCASC,5
AscunAcademica,1
caminscat,1
flaviofuertes,16
TrenMayaMX,1
gemabrung,1
AngelicaPajares,11
UNWTO,3
GanarGanarTV,2
ods1,1
BridgetGosi,2
CECyTEHgoGandho,1
Educarm,3
CincoDiascom,3
Deloitte,1
PrensaElHierro,1
NoticiasdeAlava,2
JovengoSv,1
fempcomunica,106
gabrieldeler,3
consorseguros,2
dmeijide,10
Ihobe_Eus,5
uc3m,3
lauracardenas79,8
RedRECI,5
SajaNansa,2
Diana_LeonRe,2
escambraycu,1
MppUam,5
UEuropea,1
ABGRAoficial,5
INAU_Oficial,1
reiniciascrap,1
ChiaraDavalli,2
AmayaEuskadi,4
CascosBlancos,2
DipuHU,5
CEFIREambitCTEM,7
evelynmatthei,1
info_conama,14
UTNFRVM,1
ItierCh,4
Asocgobabierto,1
Dhl2Rahim,1
Portalfarma,3
fundacion1mayo,2
OED_Olivenza,6
GrupoEnergiaBog,1
DaniOrtaG,2
ObservatorioC,1
FacDerechoAB,1
rosamquart,1
kari_blanco8a,6
GlobalGoalsUN,16
ABJUJUY,4
IFLALAC,3
Cenpromype_sica,2
blogdelaunion,3
singularityu,1
Naturgy,5
VeronicaZavalaL,10
municipio_leon,1
fagomsan,17
oxfam_es,2
ElSalvadorUN,10
Gestarsalud,1
ICOgob,16
BorealVenture,1
INTOSAIJournal,1
PactoMundial,262
IGEP_CorpGov,4
CMPC,1
AndreaLondonoSa,3
ISMedioambiente,2
cr_integra,11
nanetegarces,1
CocemfeCAT,6
hitzezhitz,3
RedConsolida,1
CostaRicaONU,6
IFG_Argentina,1
SDGaction,8
AbogaciayDDHH,1
TNUtvpublica,1
HelpUP_es,1
MediosTec21_Vva,3
nayibbukele,11
ESTEVE_news,18
SustentableNL,1
saveplanet_now,21
infoHIDRAQUA,1
InfoAMIA,1
enagas,15
amtega,2
city_kitakyushu,1
FrutasMontosa,1
EscolesXESC,1
paolamenta,1
heroes_urbanos,1
UNGRD,11
CooperActivas,1
Yunus_Centre,4
borjacristina,1
guadalupevaldez,4
natacarbonell,7
FMontemadrid,1
PNUDArgentina,58
educaCNIIE,17
CTecno,1
FBoscana,1
elsistema,9
NECHIGROUP,1
sellofairtrade,20
IvahannaLarrosa,4
JdelCSanchez,1
redongdmad,118
The_ACU,8
fundacionTef,9
BibliotecasRBJ,8
ODA_Esp,8
educaciocat,1
aa2000oficial,3
JosePeninS,1
FOCOINPADE,3
bibliotequesXBM,7
ICEFI,1
DAMUNLP,2
AEXCID_,6
Agenda2030Peru,2
afca_es,1
MinAgriCba,5
JuanEspadasSVQ,24
agostogabriela,107
ricardolozanop,4
imlaurie,1
OECD,13
vivantu_sc,2
SgSisca,20
GrupoAmavir,4
CosmoCaixa,5
AgenciaProCba,4
EmpiezaxEducar,2
Regmurcialimpia,14
FEACEM,8
JlChediek,3
FAOAmericas,66
SantanderUni,1
ADAMAScomunidad,2
COCEMFE_,1
dbassoETUC,1
izaguirrejk,3
pacopolo,1
InsidePMI,2
stefanomanservi,13
BibliotecaCEPAL,31
MarCano_InEdu,4
aliciaprzporro,1
unescoetxea,11
Gllds,1
Angelicaguilarn,1
AsincaCanarias,1
MFernandezCFA,1
tableau,1
senadomexicano,1
FonaturMX,1
ocdeenespanol,6
Cutchile,1
falckservices,1
FeraguaRegantes,1
DepetrisEmi,1
InesMChapman,1
Adrisneverland,6
ANDEUruguay,2
AnaRusticcini,1
ecoembes,5
elcorreo_com,1
ungc,2
mcampovidal,9
CarmenPlanas,3
IrmaAmaya_,4
ddu_10,5
Gob_eus,3
exeguatemala,1
ANGECAI,1
YouthToLead1,4
JOHNSCADE,2
EU_ENV,1
manuelgpascual,1
jovenesyods,2
MINCEX_CUBA,54
hectorlira01,3
MTSSuy,1
UEenCostaRica,6
clubdemadrid,1
EcoMakerStore,2
CIEMZaragoza,4
CanadaUN,6
ANTAI_Panama,1
ElisaTorrenegra,1
Ayto_Sevilla,6
CEVAXIN_PTY,1
MinAmbienteCo,6
suezchile,3
pacodelatorrep,2
cosmoACCION,13
euskonoticias,1
GrupoElecnor,7
AlianzaONG,3
FundacionCepaim,10
AMIQnet,1
InfoZinnae,4
MireiadelPozo,1
PresidenciaCuba,7
gemamg77,3
MinpreRD,6
DiariodeNavarra,1
S_RafaelNebrija,5
fla,8
SUPERCUIDADORES,1
canvasRSC,2
Fer_GuzmanR,1
aleonca,2
puntosigre,11
JP_MoratayaA,5
AVPteVallecas,3
MakiOrtizD,1
aramayuelas,2
coopSersano,1
Proarbol_Col,24
carluisjm,13
COPADEneuquen,1
ekomodo_,1
IratxeGarper,1
ONUCostaRica,1
ottosonnenh,8
BodegasAR,1
goberna,1
ZULLYVERAUNA,2
AOlveira81,1
TrabajoEdomex,10
Entreculturas,17
Recuenco,1
Casaafrica,4
ruthparticipa,19
MRappallini,2
dsn,35
FuturoLatinoame,1
WWFColombia,12
SmartlyLive,7
leroymerlin_es,1
ComunidadODS,1
bluetabtweet,4
lasallearlep,6
SBasaveKarina,2
AB_Laboratorios,4
mrobertoescobar,1
PATOOVALLE,2
Extremadura_tur,1
FEAGAS,4
jcdelolmowwf,2
alexleonnn,8
ibercaja,4
pedrajasmarta,35
julian_dangelo,2
etno_research,1
judsonec,1
NlSalud,1
CabLaPalma,6
montevideoIM,1
CISS_org,17
WorldBank,4
FGP_ETSIME,31
los_ods,1
CreuRojaCAT,4
SandraAsteteM,2
CapacitaRSE,6
MMujerRD,10
BPWI_CommAdmin,1
EnfermerasEPM,1
Madrid_MIA,10
canal13,1
MarPorrasM1,1
mirkovlahovic,2
UMU,22
FCOMCI,6
FAOclimate,2
AMEXCID,22
ColegioAlcaste,3
UIPBAJovenes,3
tecnalia,3
Sumaksamya,3
FerranPVilar,23
ccoopv,1
ChileONU,2
Fundacion_SERES,27
AgendaCAF,1
FLACMA_,1
MOBILITYADO,2
MargaritaRibotV,3
DGEECpy,52
Gullon_ES,14
globalcompact,23
juliuslaetus,1
SoltecTrackers,3
foodbanking,1
RpkCoop,21
onu,8
atresmediacom,5
lukaquelo,4
FrancescPedroED,1
Metropoliscomu,3
AntoniGarrell,3
JPLaiglesia,51
jaimenie,1
InstitutoSINCHI,4
FCulturadePaz,2
GriHerreraok,1
PnudColombia,28
LaSiglo21,2
CocaCola_es,2
PortoviejoGAD,1
horaciomartino,5
aragonabadal,8
SernaTri,1
mardemusicasct,15
IISDRS,1
BCEjidos,1
Columbia,3
WRI_Ciudades,1
forgender,7
Lau_Ghezzi,2
DIRECTVEcuador,1
ISColectiva,2
MexicoBienHecho,1
GobiernoCan,1
Knotion,5
cantabriaorient,1
uv_mx,1
MauritasSV,2
jit_digital,1
ULSA_OAXACA,1
LaBolsaSocial,7
Laura_Ch,9
VIRAL_MX,1
CamaraCChC,1
Ciudades2030FAU,2
MentxuJaca,1
Elcia82567608,1
timeshighered,12
UniversidadeUSC,1
akatonyab,2
IFADnews,1
alfonsoramirezc,3
CProspectiva,1
YABTs,3
SilviMex,1
teresamillanr,5
CeciliaGuemes,12
MinTrabajoEc,1
fecoam,2
JuanArizaRuiz,1
AndresR_,1
secgeneralcba,13
PactoMundialMex,26
UNLibrary,32
Feique_Prensa,2
eumayors,3
lferreirasjo,3
CubaMined,9
farmamundi,3
ReporteYa,3
AccentureSpain,3
AngelesHerasC,28
jpascualruiz,2
OCDE_fr,1
vwargentina,1
wa_soda,1
olivergleusteen,13
NeissanB,2
ugtclm,4
ClusterGaia,1
asjhn1,1
JASanahuja,8
HubSustentable,2
Cultura_Ec,1
DiezSainzIvan,9
egrygl,5
ClaudiaDobles,3
coface,1
FundecytPCTEX,1
fernandopsaenz,1
heraldoes,3
maperezleon,2
rsforo,1
PactoGlobalEcua,31
CipriEconomia,3
juanicoha,3
MAEChimborazo,1
idealista,2
ambienteeuropeo,1
SandraBoni4,14
AnahuacOaxaca,1
tinocotania,2
RebeccaFirthy,4
UDC_gal,4
ColegioHerma,20
desalambre,6
CGATEsp,3
32alvarogarcia,12
SueciaEnLaPaz,3
InjuvChile,10
ALCNoticias_Esp,2
Clifford_Chance,6
ordparg,1
o_inclusivas,9
SaludLab_CCOO,13
CruzRojaProvTfe,4
IsabelStMalo,2
WorldLEDForum,1
alicebarley,1
EUROCITIEStweet,2
jamorenod,4
institutomora,1
OperadorNuclear,1
openarms_fund,1
mubachfont,5
f4f_barcelona,1
MoirMiguelangel,7
ICEX_,1
CifalM,1
EducafinSube,2
PADForg,1
de_fdal,7
CIRIEC_Esp,54
ffe_es,7
PagoCarraovejas,7
Montaut,2
batransito,1
CooperacionAND,26
el_pais,23
oibescoop,1
PotenciandoEC,1
fffmex,2
ConsortiumLG,1
UAM_Madrid,6
ClaraOndaMadrid,1
rubencarricondo,4
SaveChildrenEs,3
gugamayer,1
pablomartin78,4
GretaThunberg,4
herasocmf,25
ConEspLima,1
AytoSoluciones,2
GeneradorasCL,1
CERMICLM,8
MeM_org,7
manpowergroupAR,1
jbparalax,1
The2030Vision,1
selvinrivas76,3
EFEUROsociALII,1
EliasAmor58,1
AsambleaEcuador,8
CommunityCmt,1
TurismoSpain,1
AIAL_Esp,1
clycme,3
BBK_Behatokia,5
CeroPlasticos,10
begona_barbera,1
ISOVERes,1
AndresDiputado,71
GretelLedo,1
FIDOP_US,2
iaplm,5
CarlaGarciaBo,1
ESSForumIntl,5
AlbarranRojas31,1
JovenCiencia,1
MAESantaElena,1
imapanama,1
AMYLinfo,1
DrGaleRigobert,3
Haciendapy,1
Juventud_Parla,4
Leohernandez_,5
invest_ewisely,3
CAID_Colombia,1
rbajocoste,1
StopTB,1
PeruEnLaONU,1
oscarmateos1,1
AirFranceES,3
Agenda2030MX,45
Fextur,1
CFCECartagena,1
uxpa01,1
signusecovalor,1
IEU_UN,2
theblockchainsp,3
Sus_MDPI,2
Nacionesunidas,2
Udalsarea2030,3
drouvier,3
AllendeEdu,7
OEIParaguay,6
Ingurumena_Eus,1
imaeso,1
GaboDiaz,1
CIVICUSespanol,16
itdupm,11
clickoala,3
DPE_CSIC,4
HabitatFutura,1
ONUMujeresCol,1
AscoopColombia,1
UNFPAColombia,7
EconomiaJusta,17
quartdepoblet,4
abelaro0806,1
ADEX_PERU,1
PlasticBank,2
DNP_Colombia,19
AlcaldesMexico,1
Asohofrucol,1
El_Oriente,6
ecamejog,1
ClusterMMA,2
FAOEcuador,13
GVA_CEACV,7
index_mexico,2
gabotheone,4
RES2masU,3
GobCDMX,2
habitatlac,2
BID_Ciudades,3
CNNEE,1
ahidalgouex,1
pactocolombia,11
PanamaUe,4
Wairaure,4
Mskaydee,1
OIT_AmerCentral,7
nabilbaladi,1
nlmuli,1
jgarciadv1,11
CauceFundacion,1
lucylarrosa2014,6
LaFundacionLeon,1
MIZAUCV,1
mfernandezsanz,2
juanroyoabenia,1
IFOAMEU,2
NormaCerratohn,16
pablorafael76,1
UNLoficial,1
inmazamora,1
m_ebrard,3
FunMultiopticas,7
anairlan,3
maciasmarta,1
Travindy_ES,2
NuModEnergetico,4
_copelia__,1
minteriorpy,1
akiaclaro,1
matita33,5
FundlaCaixa,5
OmarRinconTV,2
NuestraCordoba,1
feriademadrid,1
SosSemana,2
EUinEgypt,1
ecoalf,1
evadhb,4
IniciativaPesq1,7
ICMCSIC,1
AbelMartinezD,1
banconalpa,2
hlsantillana,1
RedFORINT,2
COP25CL,7
SMulayali,5
JosuEtxebarria1,11
xemagil,2
AAECAD,1
omarfayad,1
VolunTelefonica,1
NicoDelpin,1
caneyesdecuba,1
ods4,1
JMdS_Tomillo,7
ana_msanjurjo,1
ColoresRincon,9
RSExuntagalicia,3
Cooperativa,1
RBissio,1
pablo_lopez,2
Dircom_CEOE,1
ECOTERRAE,3
emirates,1
CostaCaterina,6
RescateAnimalEC,1
CerveceraCAN,2
ANARPLA,7
SaritaR05,1
agdagira,1
Nutripeople_org,3
nachocardero,7
uchile,2
HOLCIMColombia1,1
cordoba_global,1
BCorpSpain,1
anaqueenmaker,9
opsargentina,1
WEPNIGERIA,1
accion_verapaz,3
koiki_home,2
PaquiGodinoRoca,1
globaleducation,1
GestionCreativ,1
IJGE_Movilizate,1
MAPFRE,2
Camilo_Pinzon_O,1
CruzRojaCordoba,7
Repsol,11
SEDESOH_GobOax,32
salasacawarmi,3
PROVIVE,1
CHEP_Spain,1
ouad_unizar,2
UNIAuniversidad,9
Peru_2021,1
UniversidadMH,1
MariaLuisa_MX,2
GobDeLaRioja,1
EAPNes,16
AAgirre,1
elpais_inter,1
KREAXXIS,1
ViceRDo,11
MedioSurVe,6
MyEDF,13
Ejecutivas_EOI,1
rielcano,8
CEARefugio,1
LluisaMoretSabi,10
revista_ele,7
erkide,8
PARAP_II,4
gemasanzs,24
crisgarcialopez,1
AIESEC,2
gitanos_org,1
InviasOficial,1
EpicQueen,9
covalcon,10
Angelssoriano74,3
asosaber01,2
INM_RD,1
CancilleriaCol,4
dallyanapass,2
bbcmundo,2
julioandrade_ru,13
ACCIONA_CL,6
ASCOA,4
Fundmashumano,3
mjgalvezcardona,1
ondinaleon,3
dianamerchanp,8
alejandraoraa,1
UdeA,1
EIT_Food,4
CLIL4SDGs,6
andres_raya,1
EmbFinMadrid,1
IntendentesUCR,1
ISBeauvoir,13
KoneryEE,1
GeSIConnect,1
germangranda,15
Isabelbombal1,2
EmopMza,1
pojoaju,1
curve_uclm,1
empleogob,45
R_Malmierca,470
Reciclaconlos5S,1
ACCION_Empresas,14
oaci,1
MCorajeONGD,1
OIT_ES,10
Ineco_es,5
deborahsabina,1
EcjZafra,1
SEMARNAT_mx,2
AltervidaInfo,3
GaliciaSostible,12
andgastrotur,1
iroser_RSE,1
Meduca_Panama,15
estebandemanuel,3
SENAComunica,3
schalelanff,7
goberazuay,1
BoehringerMX,1
VdelSUnidas,1
Synertrade_Es,1
FET_Oviedo,3
MarisaBircher,2
gobdecordoba,10
Agenda2030Esp,359
victormexeguer,46
CADIMESALUD,6
OnuHabitatCol,1
intendenciacl,1
segurosrga,1
AECID_es,53
SBFIC_LAC,6
MSDEspana,13
BPW_Europe,1
ElFinanciero_Mx,1
FAOChile,1
PuertoDeVigo,11
fmujeresdelsur,1
red2red,1
MonicaFein,1
jm_poquet,1
nesiforum,1
Prepa16mexicali,1
vinuales81,3
cesce_es,2
TA_DMC_SPAIN,1
Marwanmusica,16
FELGTB,1
CEOEAragon,4
redespanola,9
mjmontesinos,1
mambiente_py,8
fentestudi,1
UNADenred,17
TarannaViajes,1
diegoarroyom,23
iglesiaymineria,1
DanielaUgazzi,3
Right2CityGP,56
comsocgto,1
fundacionyuste,38
all_biotech,1
RecircUP,5
FCiudadania,2
RUTAsieteULPGC,1
ArrancaPuebla,2
CCELima,1
josecruzurbieta,6
ESCIupf,1
UPQoficial,4
NideraSemillas,2
ZulmaCCS,2
IocUnesco,1
alasociadoss,1
sanitas,10
javiergfraga,1
aeguzman3,2
DircomCAN,6
ldipietroODS,1
IMEDEA_UIB_CSIC,1
NatGeo_la,1
Acortandobrecha,2
analimaf,8
SRIoficialEc,1
Portaventura_ES,3
liebana_rural,1
medioambienteZ,1
UNESCO_es,20
uclg_org,39
CongopeEcuador,2
J_L_Quintana,1
DAycinena,2
ecoportalnet,1
otsrural,10
FacMagisteri,3
Lailab78,19
sebacampanario,2
EnlacesXSustent,16
GlobalNamati,6
santisanchezenv,1
cfievalladolid,19
wu_yango,2
USCIBKennedy,2
MedialabPrado,29
platoniq,1
QuitoCiuDiseno,3
jaarreaza,33
jsanmar80,5
msaludcr,1
SonyMusicSpain,8
DowIberica,1
cpmcpm_,1
NatGeo,1
SantexGroup,1
IdeasImprscndbl,2
UNICEFCyL,2
AECIDPARAGUAY,2
UNOSSC,7
JimenaPuyana,2
ACCIONdeONGs,1
Educo_ONG,34
germinando_isa,1
ONU_Cuba,2
gemhsm,11
UnicefSV,3
EEN_spain,6
AnaGascon2016,10
TAngiemartinez,1
mbellido,1
fundacionmelior,1
rubenricano,4
fortalecersemdp,3
gramontani,34
BureauVeritasCU,1
FAO_Colombia,42
InnovacionLat,1
OfeliaDFV,2
verodevita_,6
EmpleoJunta,1
wef_es,1
EAsempervirens,1
CCOO,24
premiosverdes,1
FSalutia,1
HIC_AL,32
congresofacesuc,40
UPVTV,2
IPFisica,1
compartimentos,1
NOAAClimate,1
juangelven,1
AEM_Mendoza,1
CoordiONGD,95
dmanso73,1
AECIDPeru,1
ProEmpleoDF,2
bcamposmenchen,1
AerzenIberica,1
Capitancook,1
PuertodeCtg,9
Spainsif,6
HectoRodriguez,1
Roberto_R_R,6
THPMexico,8
A_delPacifico,1
ciudadS,2
Morocco_UN,6
Mabi_GC,2
aeaperu,2
AngieGPizarro,1
EstrellaDammEs,8
SAMissionNY,6
NuevaRevoluci0n,1
andresvecino,1
UniofReading,4
CONUEE_mx,9
WorldVisionCO,3
ONUDI_conosur,1
FAgreste,1
EspUNESCO,5
emartineztv,1
ONUChile,43
WorldRuralForum,7
MariaErquiaga,1
fcs_ucfgos,1
UOCuniversitat,3
MazzucatoM,11
LibroIgualdad,5
Citi,4
MOFAUAE,2
elemoza,2
SEEDSandCHIPS,1
FundacionAdsis,1
DemospazUAM,3
JordiPuente,1
fproclade,3
AbeluriaCoop,1
CalotoIglesias,1
Venezuela2060,1
Concausa2030,1
jbguevara,2
gonsaenzdemiera,2
GeekGirlsLatam,5
Alastria_,5
BBVA_espana,1
ciberespiral,7
paco_roca,1
AramburuzabalaP,8
dsocialesmurcia,8
Proantioquia1,3
FCSJ_UC3M,1
Indesol,1
turisvilluercas,1
CONANIRDo,3
STESIntersindic,1
cursosveranouc,1
BoyacaExporta,1
ciudadanatamara,5
scolado,2
StephWRF,1
AngelaRodicio,3
FUNDHEX,6
EstatalFamilias,1
sonetov,6
alvarogdepablo,1
EnEquivalencia,1
AlianzaOds,6
IndiaUNFund,2
laias,1
Segeplan,15
SocialEcoEU,1
DelphinusPR,3
BoliviaVideci,1
UNESCO,4
ErreEse,3
eneltejado,3
SaintLuciaGov,3
UNoticias,1
camaracomerbog,1
ANESEASOCIACION,2
PlataformadeONG,5
GobiernoLaPampa,1
RamplaJuniorsFC,2
sopabuvi,1
aballabriga,1
redpobreza,7
CAONGD,3
manlio_argueta,1
ods,1
LamanCarranza,1
CamposevenSAT,1
Mariand_sg,1
conquitouio,4
cancilleriasv,4
ftomillo,8
CarolAlvarezMB,5
meberazategui,5
SatuSantala,1
Ihcafehn,1
danielafreund,6
NaturgyAr,1
CooprogresoE,1
FONAES,1
SpainDMC,1
jsaborido50,4
CPeiteadoWWF,2
NLatUN,6
EVEuskadi,2
MarolioOk,5
AliciaOcaso1,1
Citibanamex,5
BpmLUISRIUS,1
SOAS,1
uniovi_info,3
iAgua,10
CONAPERD,6
jcarlos_ortega,1
UNDESA,13
dumitru_adina,3
CompromisoRSE,16
KikeLabian,2
workana,1
ONERD_,1
AlinaMontero10,10
marthadelgado,32
CristinaBorraj1,3
redintegrarse,3
PEFCSpain,2
Programa_Urbano,17
JaimeOropeza,2
fragadie,2
CifalMalaga,18
navinkhemlani,1
CamaraEspanolaP,1
IJExtremadura,4
Heineken_ESCorp,3
OEA_oficial,1
FLR_NQN,1
CtranspaUPV,5
ElbaRosaPM,1
GabrielFerrero1,47
carmeniglesiasb,1
postgradouchile,2
rmoscosopty,1
LoliRicoG,2
MMAChile,1
amfori_intl,1
EPNacional,1
CECyTEHPachuc,43
aderpe,3
TheEIU,7
ImpactHubMAD,20
nuevagemela,1
msaludpy,1
aguedagon,1
LectaGroup,1
CruzRojaPozuelo,1
elagoradiario,2
mboullaude,1
AbrahamProyecto,1
ONUUruguay,21
educaciongob,6
ProSoliRD,11
Vevichi,3
quironsalud,2
EUBIC,2
AIAMPsecretaria,2
TeresaRiesgo,1
zafra_esocial,1
_Caraballo_,3
sbibliotecario,24
andres_pina,1
COFAPA_,1
VisionHumanity,1
diariolaopinion,12
IICAnoticias,3
UN_PGA,13
Conversation_E,2
IB3noticies,1
worldfarmersorg,1
natura_chile,1
UPRAColombia,1
BetinaAzugna,3
cesvegamedia,3
BibliotequesBCN,7
JTMATEOS,1
EsMundoAnimal,1
IFLA_Lib4Dev,1
PaulinaFrean,17
asielsalvador,1
ICScomunicacion,2
RichardBarathe,5
fadeclerck,1
iesfuentesauco,9
CrisFaciaben,3
we_crespo,1
EducoSV,20
Expok,4
Pizzolante,2
sdvmadrid,5
ComunicacionEc,1
BTCconsultores,22
Agenda_Empresa,5
Mgildelgado,1
CONCAMIN,3
CAPITALRADIOB,4
infoRMurcia,1
FENAMM,8
magordilloz,1
Aran_Acha,10
SandraGud,16
ReforestamosMx,3
AESTE_oficial,3
franjmartz,8
Cmunicipios1,1
OPJMCuba,2
iSostenibilidad,21
mdelprete,1
ekifundacion,1
CiscsaCba,5
PNMetropolitano,1
EcoFELTWOOD,1
G7fr,5
AlbertoGowland,1
conalepmex,42
Belemperalesmar,1
DiadeValladolid,1
TaisGadeaLara,2
ForoQyS,3
mitecogob,5
CiesNepyru,2
RenaultArg,2
alejo_segib,7
LuisFernandoGm6,1
manueljesusF,1
Radio_Comunidad,2
TAPNetwork2030,1
Maorodriguezgon,1
DiputadosUY,1
HumbertoCebadaE,2
AguasdeAlbacete,12
ComisionODSPy,4
MECpy,1
CACIFnoticias,1
comunicaRSC,1
virginia_tech,2
ApSCyL,20
TatiPardo2,22
FAOCuba,1
crismozar,2
inst_humboldt,4
WFP_es,9
SilviaTorresC,3
CECyTEHidalgo,42
CUBAONU,8
SancorSeguros,4
angcastineira,3
BBVA_Colombia,1
IcagrTwit,2
PrensaAreco,8
NathalieCely,3
BoxSynergy,1
ODSAUCA,1
UJCuba,3
annaterronc,2
AEHGAMendoza,1
Smart_Climate_,1
MexicoYouthAndD,1
JulioDiazCs,2
IvanDuque,7
fecolfin,1
BiblioCazalla,2
rmenendezp,2
Urb_ViaLaCosta,1
Local2030,3
UCLG_OpenGov,5
felres,2
mercedescapitas,2
IPBES,5
osanamoleriop,2
CatedraBrialUZ,2
ni1pelodetonto,1
SetVeintiunoAr,1
DarlyRM19,4
EmbEspBelgica,2
HumanityAtMusic,2
CSCAE,10
icaa_ctes,1
silvifontana,1
laureano_matas,3
FECYT_Ciencia,1
FridayForMadrid,1
SAPLatinAmerica,1
CEDRSSA,3
CarolynSillau,1
Issac_Alonso,8
afandaluzas,1
AzucarHonduras,1
MinAgricultura,2
mercapitalec,2
ibc_spain,1
IDAEenergia,2
FuturoEnComun,57
OAnalfe,1
AsocEyC,2
MTESS_PY,4
UNESCO_MAB,5
UNHABITAT,2
UCAM,98
ahkargentina,1
LachambreEsp,4
IntCCOO,20
Cecigarciaruiz,1
satec_es,7
magparaguay,2
a_alonsonunez,3
Ideagoras,1
UNIDO_QI,1
FAOHonduras,1
myriprunotto,1
carlesmolinag,6
alfredpagano,3
NAtutxa,8
EmbEspNoruega,1
nuevatribuna,7
esenred21,6
rtve,12
Mineducacion,2
CetelemSpain,7
PTI_PY,5
CarlosVerareal,2
CONAETI,4
sasc1971,1
OECD_Centre,1
campoolosvalles,2
Enel_Chile,1
amahnsm,1
hdprovidencia,5
Envaspres,2
MissGEnrique,1
RossanaCevallo2,1
san_lunag,2
NEOEN_Energy,9
MujeresAvenir,1
tonibernabeu123,1
FEducate,10
AlCaceresMon,5
UIMP,54
FRubioTorgler,1
MandelaDay,1
SaOrobio,7
NoticiasONU,16
siemens_es,1
Asun_Martinez1,23
bondibeach,1
iila_org,2
ujaen,3
EscuelaPBL,7
EsHorizonte2020,7
CentralASI,12
MIAMBIENTE_HN,4
macarflo,2
raquelea,1
desafio2030,3
FRAVM,2
fnovaterra,1
ucoerm,31
SteGiannini,1
EAPNGalicia,2
MonicaAlvarezN,2
Agricultura_mex,2
ConsorciZF,12
danielpacheco,2
Brigittelgb,4
Lean_Arreagada,5
Mangeles_HM,1
INAP_ES,3
uimendoza,1
alejandromurat,8
Miquel_R_C,7
JaimeAbello,2
UNOPS_es,29
ARA_Sostenible,1
DanoneNA,13
CCBiblio,1
ManfreyCoop,1
carovaldiviat,9
COAMSS_OPAMSS,6
guardianeco,1
MSalesianas,8
DBYN,1
brunobasile,6
patrimonio_cl,2
OceaniaEMA,16
CONGDCA,5
cparedesverduga,21
impact2030,27
CaixaCiencia,1
alianzaimpactol,2
Min_Ecologie,3
icloby,1
DeborahVB2012,6
danone_es,6
cubareloj,1
RespSolidarias,26
CONEP_RD,2
GadothT,1
zabalketa,2
Aleacostaj,2
bbva,20
CCHS_CSIC,1
AddysThen,16
IFC_org,1
AbastoAsu,4
ForoNirvana,1
lorenzo_rosa,2
TapiaFernanda,2
Siriox,1
HuellaChile_MMA,1
palomamina,3
infopresidencia,6
Luis_Fierro_Eco,1
jaimepumarejo,1
catastro_py,8
nacex_,7
la_Mutua,2
aggregatte,2
rmontielc,1
AcnuUnaCuba,13
TISpain,18
TUDCN_rscd,13
davidalba21,1
AmloLaApp,1
SonyaGuerraLpz,3
EnricMillo,1
PNUDPARAGUAY,41
CaixaEnginyers,1
hmy_group,4
As_Ferduero,1
PaloCoyote,1
pactoglobalpy,25
AHERenovable,1
FAOenEspanol,169
FundacionEcolec,1
onumujeresEcu,2
chemplastexpo,2
MDSParaguay,1
Armandocordo,1
DownClm,1
perogar_BIM,10
vickysukenik,2
CONAMYPESV,2
SchindlerNA,1
NovartisSpain,4
JColomer_EDU,8
cdiazdelacruz,6
chile,1
gloriechis20,1
jssalcedo,1
PrensaCuba_Ven,3
SSDPedomex,2
PRAMAC_Iberica,11
CancilleriaPma,8
Consorven_Ve,1
ONUMedioAmb,349
BpwSpain,3
viviana_simone,7
Hospital_Molina,10
fbuyolo,45
labgobcl,1
DieUNMed,1
PedroJ_Cuestas,3
ConueeInt,1
garcia_devis,1
maiteseo,1
DelOlmoE,5
CMNUCC,105
Cepsa_ES,7
CIDE_LPP,5
npsig,1
CARTV_,16
Andesco1,1
asociacionASA,3
generoytrabajo,1
NelsonMandela,1
Cs_Murcia,13
NatGeoEspana,2
lluiscomeron,1
apradilla,1
minasenergiaupm,32
AoniaSTEaM,4
MarujaGordaydeV,12
rmcoopera,9
UATAEAndalucia,8
CamillaCroso,3
JeffSpeckAICP,3
SantaellaJulio,5
rutenca,1
UNESCOsanjose,4
jtintoreocean,21
IbisCuesta,10
MovistarEC,1
UnicajaBanco,4
CubaMES,17
guzmanhennessey,1
AndaluciaJunta,28
beambif,1
UNBiodiversity,1
NHSMUN_HLPF,5
LaBellver,2
AyudaIglesNeces,1
PNUD_Venezuela,20
edualter,1
almaldo2,1
FTelefonica_CL,1
monicagcmr,3
medicusmundi,5
IETorroja,1
AlbertoDide,9
VIRALCDMX,1
iaragonesagua,4
CZabalburu,9
noucity,2
educaINTEF,4
MBFWMadrid,1
AReforesta,4
PCNPost,1
angeleslucas,1
ghostfishing,2
adnbarranquilla,2
andres_pedreno,1
Lau_Alau,1
Biblio_Social,14
lasalleorg,6
IRSLaRioja,38
ACN_Cuba,3
jackieplassw,1
unizar,29
SEDATU_mx,1
BcoAlimentosGye,3
evegaartigues,4
BlancaMiedes,4
CSFPJCYL,2
CEE_Paraguay,4
izzo_d,8
CruzRojaZgz,1
Barriosporelemp,1
LaVanguardia,6
Senniaf,10
GobAbiertoPTY,1
Ceapat,1
UNECE,1
UAHes,1
ToksMx,1
orange_es,1
cadep_py,1
mfespinosaEC,6
mmbotero,2
jbruceporter,1
SpainInTheUSA,8
ciriec,2
unisevilla,3
BCNArgentina,187
Reciaria,7
AmbientalUNET,1
InvestTradeARG,1
rosalavin_,11
Sachin_Chat,2
CAFUruguay,1
Sandra_ush,1
quidlabcol,2
DavendanoSV,1
monicachaoj,10
EUROsociAL_,15
Appco_es,2
SECTUR_mx,12
teiknasocial,16
SilviaMorimoto,23
SolidaDonBosco,1
ODSColombia,27
Eugenia_Aq,3
AldeasEspana,25
UdeLaHabana,1
UNCTAD_ISAR,1
AMIQGreenChem,4
ciberyolanda,15
tecnoaqua,1
agarciaECO,1
MorenoBID,4
ShapersMendoza,8
PRI_News,1
conferenciacs,6
apwld,1
execyl,1
VinculamosCl,1
INTECOcr,3
CPCchile,1
arc_rute,2
_OrtegaVictoria,15
jcyl,11
MES_Madrid,1
espol,15
Alphabet_es,1
ONGDSED,25
dalia_correa,12
diariodeburgos,1
MaxTrejo,5
ChuchoNader,1
antor,1
Petropargov,11
Vi_Simon,15
MadridExcelente,3
CiudadanoDHonor,1
incarCSIC,1
ConnectSDGs,1
EquisJusticia,1
reds_sdsn,98
UOCuniversidad,2
SetVeintiuno,1
miosotisr,4
CEUAAlumni,2
FeIipe_Castro,10
BBVAData,3
SManueco,3
estrellanunez16,19
mpichincha,1
BancoMundial,8
merhg,1
TERRAenVISION,1
afercuello,3
CajaIngenieros,21
MSMK_,3
iesteveterradas,1
AMGNMx,3
Endesa,21
onucolombia,3
MinPublicoPy,1
COE_Presidente,6
UNEnvironment,5
IKEASpain,1
Comfama,1
UTECinnova,3
UPV,1
nanduti,2
GGlobalParis,9
daniguties,1
j_murillo_arias,1
lucianacassain,1
OlleJosep,1
VINTEMX,1
AngelCastineira,1
horacio_rv,1
WWF_Mexico,2
Luis_Perez_G,1
cristian_rovira,3
Red_Educa,1
FundacionEndesa,1
bibliotecasBA,3
WSAoffice,1
sorigue_,3
conniedepaiz,1
RSE_Extremadura,4
stvalora_com,2
missylolahuetem,2
BCIE_Org,2
marialc1990,14
ConfecoopLlanos,1
SoniaGonzlezFu1,1
reciclajeFER,3
escoto_marlon,7
CIRDCapacita,2
vodafone_es,10
UAM_UIgualdadG,1
parkmetroleon,6
nita_macia,13
g20org,16
ODSTerritorioEc,30
astro_duque,31
Paula_Castilla,1
EMUASA_Clientes,10
ralvariza,5
LOEMCO_UPM,7
AndreaMendozaO,1
nahueloddone,13
PUCE_Ecuador,1
MICULTURASV,1
oriolaltisench,6
FBertelsmann,1
OrgSolidarias,1
cristinaselva,26
PNUDSV,42
CubaCultura,3
SustDev,3
CIVICUSalliance,2
CancilleriaARG,10
PichinchaGob,1
anamilenasilvav,1
hacesfalta,3
FAOMexico,14
CINUmexico,11
uniceflac,2
PNUDRD,3
RSMLAC,7
registrocivilpy,1
cncuvenezuelau1,10
WBG_Education,1
DorianMora,9
zulliethel,2
daphnecastillo,1
jesquiga,1
FundacionECOTIC,6
Maramluz2,1
azoubig,8
isanudge,1
uimunicipalista,6
CIDEU,9
HdezEsteban,1
Transcendent_es,9
ibarrapatr,3
BancoCentralCub,14
ProntoUy,1
OECD_local,6
Panama_UN,1
PolComOk,1
UDLAQuito,1
menaiaretti,20
ljmaguire,11
loteriacba,1
Magda_Sepul,7
AECIDRD,5
Perez_Agenjo,2
CIMA_SL,2
CEPLIS_EU,6
RedViralEdomex,9
Jammes73,1
MaximoImpacto,3
BlancaHerrero1,7
BUYOLO,1
FEYACoficial,1
IAENUniversidad,1
ruthernan,7
InfotepRD,1
EllevateMAD,1
f_f_ambiental,6
BECcuba,1
baqueroej67,5
LAURADEVEGAF,2
WorldResources,4
gentequebrilla,1
GIAndradeP,22
RED_DiTella,3
anque_quimicos,1
kueponi_consult,1
cchsmadrid,3
envirall,1
XavierMarcet,3
INICIAOficial,1
Plademunt,3
LuisMorlote,2
lidiaguinart,8
SEGITTUR,16
SilvanaGiudici,1
AudakiaLab,1
sgcity50,9
RedJovenesAIVEN,12
GobTlajomulco,8
FADE_COMUNICA,1
getafejoven,1
henkeliberica,13
AJESevilla,6
monicanovillo,1
PulserasFuera,12
MScaglioneOCDE,3
pnud,299
ods3,1
museoreinasofia,1
HercalDiggersSL,1
IndisolCol,4
RSEncuentro,1
PorrasMx,3
Regions4SD,1
EU_Eurostat,1
Fundacion_Anaas,1
PactoGlobal,78
lpajin,18
M_Presidencia,1
ABB_Argentina,6
FMusol,15
ageiaoficial,1
diario_eha,1
nataliaherrera,2
LolaDelgadoG,1
IES_MARINA,1
gabsocialRD,23
SheratonMendoza,1
RSCentro,1
InvestigaUtpl,3
natistein19,1
YerseyOwen,5
ImpactLeap,1
LugarDeLideres,1
aguatuya,2
AshokaVE,2
ValentinCarrera,11
CenacedAC,1
Trust4Americas,2
ESAPOficial,1
dchavezd,5
lgomez4,32
RosaMariaSuar17,8
Minrel_Chile,9
LA_UCEV,12
SinHuellaZW,1
oppenheimera,1
Catedra_GO,3
Mafeafuentes,3
reaccionaXvida,6
GuatemalaGob,8
SmartCityLATAM,11
LuisCastiglioni,1
yolandaGH,1
DosGradosC,1
presidenteCSCAE,12
APCColombia,31
CPatinegro,43
MDLZ,9
naiaracc,1
esmeraldatroiti,11
GuillermoJarrin,1
personeriamed,5
AnimaLectura,2
zaragoza_es,1
ProyectoALLAs,1
adingor,1
FundacionETNOR,3
Javeriana919fm,1
SubCSyPCP,1
alemo781,1
EmbEspEgipto,4
GeBragaOrillard,1
ProFuturo_,7
MTPE_Peru,1
Edomex,1
INAImexico,1
UNAIDS,1
CubaMINREX,115
EstayConsulting,4
fundhea,1
Miticpy,5
kgtoledano,2
JCGarcia_CDTI,3
LandeckH,9
ferdiazpacifico,6
Maca_Bass,1
adsangbcn,1
japedreno,22
lantegibatuak,1
CAFMadrid,1
tecnoholic,3
ObsLaRabida,1
dvelasco82,1
mm_tec,1
WillyDiv,3
diyulychourio,1
ValoresyMkt,6
opds_gba,4
RPL_ODS,8
colectivotomate,1
TheGlobalGoals,3
SipssaMedicina,1
Gaes,2
cypesoftware,1
mgfigal,1
javipe_ciecode,4
invest_BA,1
agirrecenter,9
MercheRoldan,1
IEbusiness,4
Mimogutierrez,1
UNED,1
OisocOficial,5
123imontiel,2
Cristin4Beckett,2
WorldVisionLAC,15
MerchePozo,1
EduardoCuoco,2
KomunikaLatam,1
tabakalera,6
FESPAD_sv,1
Lilitaportillo,4
socialistes_cat,11
Oscarreset,1
OndaCero_es,1
AguaFuentealta,2
Espe_Morrison,1
alitaGMZ,1
PaulDSteiner,2
Ro_Quin,1
DianaCPacheco1,1
PilarBernado,1
fundacionTef_ar,1
NuestraMendoza1,4
InfoHidralia,9
Hidrogea,6
Fundacion_ExE,4
pablojmoses,2
MCR_Sostenible,1
WHO,3
CIEDES,7
CINUlima,2
UABJO,1
marcosathias,1
CEC_BsAs,2
Manuel_Arenilla,2
FOL_IE,5
Info_ecoforest,21
Fira_Barcelona,5
GADsantodomingo,1
BCarpuela,1
jdiazok,1
FELIXAOVEJERO,15
enedinaeev,1
BancoAlimentosQ,2
LawAndTrends,2
FAO,21
CampanaPablo,1
MIDES_PANAMA,73
MunicipioQuito,1
delphinus,5
VyABio,3
francediplo_ES,10
PasionxLaBocha,57
AulasOds,3
MuniCircular,7
alvaroperezpla,2
aspadepanama,4
senacytgt,1
JAlbaladejoP,5
Unnefar,3
youthlisboa21,7
ipizzolante,4
Reale_Seguros,8
JuaniZaffora,1
cepal,1
BerenicRangel,1
EUCouncil,3
bancosantander,47
oppuruguay,51
Colineal_ec,1
ilo,5
SAB_AR,1
AlmeidaPP_,2
CinuPanama,11
Chema_Vera,39
UCCoficial,1
Aj_Meliana,1
CampusSostenibl,1
Mumalamza,1
EuroBasque,3
CancilleriaEc,1
CorreosExpress,2
Eu_School,1
ParcSama,3
MPF_PGR,1
FenacoreOficial,9
agorarse,13
IUA_Oficial,2
LlorenteyCuenca,1
Kernpharma,3
IFAD,1
ciudades_demx,2
LogicaEcommerce,10
RSEQUIMICA,1
Alexx_B58,1
RWTLJansen,2
quediario,1
AleVargas1972,5
JamesBlunt,1
expertisefrance,1
gir_diversitas,2
Fycma,1
CIPPEC,1
PGongoraSalazar,1
Alliance8_7,2
agimapeople,1
Enrique_Acevedo,1
IPCC_CH,2
SomosAGROSAVIA,1
UnionEuropeaRD,4
copladem,9
UNStats,1
radiounlar,4
COFEXT,1
SistemaB_PY,8
PromedioBadajoz,1
FundacionIN_,1
redRibef,1
CanalOnceTV,2
coordinatren,29
PamplonaPopular,2
carmenpinan,7
agbtic,1
EUFIC,4
irenepanea,1
modasosbcn,1
BeatrizCerdan,1
Mercadona,14
Marpineeda,2
FETeresiana,3
MariaEugeniaGay,21
OECD_PCSD,12
avanzasostenibl,3
NatuB88,1
eluniversocom,7
ChildFundAll,5
Lavola1981,1
JoseAlberMartin,1
Mabel_pe_pa,20
jaazcona,5
FonsiLoaiza,1
GlobalUMH,2
arcacontal,1
Bogota,2
_alecandia,38
uazuay,1
redecim,1
Atrevia,12
icacoop,2
stellarcreacion,1
lavozempresari2,1
PNUDEcuador,74
pulso_tw,2
PredisonGestion,2
JairoEstradaGt,2
jpduhalde,7
Mercasa_mercas,2
ValenciaJoseEc,1
AngelaBaldellou,1
I3Aunizar,4
EducacionCan,6
GemaEmpresarias,1
bgmps,3
f_mudarra,3
sustain_udc,1
MillenniumProj,1
JuanOlveraPV,1
onemichile,11
Coopsdetrabajo,1
adelagimeno,1
juancito_Fera,1
matxalenacasuso,3
ninosconalas,1
quimicosconsejo,1
CONGDEX,3
depo_es,1
WECF_INT,1
cclimatico,14
MitradelPanama,5
informaria,4
aei_ec,1
Cambio2030_,6
J_Iberoamerica,2
Agenda2030DPN,5
ciriecco,1
machinebone,3
CREAndalucia,6
laurarzugasti,6
AsocDigitales,3
Edu_Ambiental,2
PaulinaRodri,1
amec_asoc,2
alexcobham,3
Pr1meroJusticia,1
adsisvalladolid,4
AnnaTerron,1
BonnGlobal,1
Plataforma3sect,7
sergiobergman,1
inakiirisarri,1
sylvianeresoff,3
DiazCanelB,2
InfoUMA,5
nati_santucci,4
rse,1
Grupo_Nutresa,2
esbo,1
Izada_espacio,1
UNITAR,9
GusFulco,7
iroji,1
CanalCiudadBA,4
MariaSantanaCNN,1
CrueUniversidad,11
laurapcastano,1
IAE_Austral,2
gobtam,2
CoordinadoraBO,1
DERES_RSE,7
DanteMossi,1
fabriciomancebo,1
VisionResponsab,4
OAS_official,2
PactoGlobalBR,1
MSFTArgentina,2
colmedom,1
BtG_project,1
Llobre_Gats,4
Lenin,1
CIDH,2
ComGo_io,3
pro_cuba,8
es_INE,1
3cs,3
MAECgob,133
FoceConsultora,1
ClubEMASMurcia,11
hazelgonzalezj,1
mc2coruna,1
openxarxes,1
Joan_Contijoch,1
IsabelSierraNav,2
agustinvitorica,2
Grupo_Argos,1
SanzCobena,3
diasolidario,16
ICEXNuevaYork,1
EU_CoR,1
fsielche,1
AmbienteEC,1
santuario_calas,1
antonioguterres,116
RaulBCCue,25
igopbcn,1
AIESEC_PA,2
vicentibus,2
_marcos_martin,32
ALLCOT_noticias,3
Agustinporres,1
compromisoclima,3
JColomer95,3
grupoSancorSeg,1
VLandetta,2
LyndalRowlands,1
capitanescudo,1
FFOMC,6
HOYValverdeLeg,1
Isabelgarro,14
lariojaorg,2
IgnacioHenares,2
CSOPartnership_,6
Smart_Iberica,2
EU_Commission,5
IdeacionCanal,6
GrupoFARO,1
BSalinas_,2
byFoodtopia,3
Secot_,12
NikhilSethUN,6
Pp_veras,8
OurWorldInData,5
Gesor,10
theGEF,1
iLPF_,3
AsambleaSV,3
ComisionEuropea,30
UPC_OK,1
fehmallorca,1
marthadelcmv,5
gramelgar,1
RicarTruji,11
CarlosUrzuaSHCP,1
AMIIFMx,3
EcoInventos,2
julioabalde,1
ConstruccionFcc,5
mitla18,1
TadeoGZ,1
UCAMMurcia,2
JuntaEx_Empleo,3
UHYFayCo,2
LafargeHolcimES,14
CEV_CV,5
orange_esRSC,1
LFLopezCalva,15
CEAinforma,3
Toyota_Esp,2
TransformaGlob,11
fundacionucm,2
bbva_argentina,5
NicolasMaduro,1
loremarinm,1
notipositivas,4
icynthia,4
LeticiaBilbao,1
Habitatbuen,4
CNCPS_oficial,140
anapiquero,3
RMonfasani,1
Adif_es,5
aguitalifestyle,1
DulceSauri,1
CafedeGuatemala,1
EnTurBA,2
T2Omedia,2
rebel_wi,3
IIPlanEJaen,1
fundaciontds,1
RSECongreso,1
cambioclimastop,7
EducoGuatemala,1
covestro,7
GEAccounting,13
IrishTimes,1
calzadiB,1
emprendeverde,2
florchsandoval,1
CanonEmpresa,3
UNEP_FI,2
TercerSectorMad,10
jlmendoza83,8
UN4Indigenous,4
Voluntare,15
irapuatogob,1
CidegMP,1
thekeyitem,1
AgoraAbierta,1
OxfamenParaguay,1
LuisLarrain,1
hiperterminal,11
EmbEspAlemania,2
eltiempocuenca,2
rsyddanmark,1
UNGoals,1
CumbreIberoA,1
webmesura,1
sg_sica,3
Valles_Pasiegos,2
SRE_mx,1
euskadicoop,4
ferminserrano,3
blasrp1,3
diegoronaldop,3
panasonicESP,1
Tersuave_ok,1
marcozuritaj,11
aena,4
mjgsm,1
PNUD_Mexico,5
CarmonaAmpuero,8
tuvozalmundo,1
TopoTabernario,4
GOBERCANAR,1
EstherPJimenez,2
Ana_Glez,1
andresckane,1
SAColombia,1
Afi_es,2
ACiuti,2
MarioCimoli,8
IJNet,2
UEenEcuador,5
EcoFrog_ahorro,2
alexschjelderup,2
Segpres,1
asmonteseirin,4
y_gala_lopez,1
innovadores_inn,7
bancomundialmx,1
MIDAPANAMA,4
ETSAMadrid,2
HeiferHonduras,1
CINDAeducacion,3
Damaezcurra,2
FOPyME,2
CCSSO,1
elcorteingles,5
emblazq,2
virigonzalezu,1
MADRID,12
rafa5023,1
TEDTalks,2
AsunSEO,42
josemanugb,1
ONUElSalvador,1
Oficemen,2
ecapEscuela,5
FadulClaudia,1
blogroberto,1
baqueMIB,1
HaiMulleres,2
BLevrault_ES,1
anamarianpp,222
AlessandriFelip,1
anticorruption,20
cepyme_,3
PG_Espana,5
ArellanoGil,3
PadreCastillo,2
oievoz,11
agamazo,1
Digiculturizar,3
BSC_CNS,21
IARSE,10
OissSec,6
CocaColaEP_es,11
horadeobrar,1
carlos_salle_ib,9
Industriasgye,3
OITconosur,9
BretThiele,1
caixabank,2
DPNArgentina,9
ENVI_Unesid,5
ongawa4d,7
ElosuaRojo,2
VictoriaBxE,4
Consum,10
isaerre,3
_CJE_,1
labvinas,11
FAMSI_Solidario,16
ACAmbientales,1
MisionONUCol,6
SRodriguezAli,7
FlaviaTelloS,3
onhoff,1
CMMLKCuba,1
universidadcjc,7
YPFoficial,8
PgO_UCAM,1
ElkinVelasquezM,22
ondamadrid,10
rperezdesevilla,2
montsehoms,1
PNUDLAC,55
soledad_murillo,1
PlataformaZeo,2
welever_ES,2
AMETIC_es,3
SanCarbajo,14
OngawaUni,3
MiEcosocialismo,1
CarolaSchmidtZ,2
FAOGuatemala,1
FAOArgentina,10
DAWNfeminist,1
Junta_Ex,2
ivanojedapy,7
veronicacamino,5
jorgeumanac,1
Nestle_es,9
MJCastiella,3
24horasUIO,1
fcrunia,2
NitoCortizo,27
InfoAquona,20
aortizgalan,1
La7_tv,1
alcampo,5
CONAPO_mx,2
HIDROCAPITALca,1
TalentoVerdeCo,3
BAInternacional,12
GBCEs,1
SunshineJaz,1
EurocafeArg,1
davlafuente,14
CinfaSalud,2
jleube,2
SuperFoodsEc,1
viviana__arias,2
AMIJMX,1
PaulinaAcevedoM,1
BINAES_FG,8
papelysignos,3
ACCIONA_ORG,26
a_martinezmdp,1
basepublica,8
europapress,15
EnMontalban,1
IPParaguay,5
ShapersCTG,1
carrilloSLP,1
rofacio,1
MCiudadanauy,1
BurilloMarta,5
WWFespana,33
conviven_CFIEVA,13
MinMujer,1
CONSIDERApl,1
NaiviMontane,3
UNECOSOC,16
XavierRibera,1
MOHPalau,2
gredossandiego,4
nontropia,2
jsegoviapastor,33
Data4SDGs,18
UNESCWA,1
ForoDeImpacto,3
UtecGlobal,3
Carlos_Gut10,9
TNCLatinAmerica,1
GalianoJuanPe,4
hugofgomez,1
BPW_Madrid,6
FIMA_Chile,5
elperiodico,1
ecorina2,3
PECDDHH,8
HectorHuici,1
FJAbandonado,1
mingasporelmar,3
AlejandraORF,8
europarl,2
aec_es,2
UFSostenible,7
ApexAmerica,2
CDES_PES,1
jaim_etcheverry,1
CancillerAleHT,2
mujerymujerEC,14
TeachSDGs,5
Pascual_Romo,1
MinGobPA,8
triodoses,4
GrupoLiberty_es,1
FGV_EAESP,1
SAPNoticiasLAC,1
UNDP,17
Educacionibi,2
AMPIP,3
enreda,3
utvco,1
TalentoTMLUC,1
QuimEsteban,5
Planeta_Futuro,108
OdontologiaUcam,1
MexOnu,1
albertohrojas,26
TransparenteGob,9
ifrc,1
faedpyme,2
JDRosello,1
Ahpee_Energia,1
carinapfesta,1
BioHogarGlobal,2
BCCBA,4
Emasagra,2
fedecacao,1
UProfesional,37
juan_bermejo,1
redclade,13
Nosedevinos,4
sdsn,2
FundacionAVINA,4
VallesPasiegos,2
FAOEspana,8
artemix077,1
jarevalo_FP,4
CEMEXEspana,1
dswyber,1
GADCarchi,2
echalemex,1
ComSostenible,2
josvegam,5
FLACSOARGENTINA,1
generalitat,5
MarioLFuentes1,4
pau_tassara,1
ayudinga,1
Mvotma_Uruguay,1
infocosital,1
jblasgarcia,1
mercedesperez_m,1
dw_espanol,2
mserra_btravel,2
AlejoPazMedina,1
homecenter_cl,1
GermanVianaG,1
ObservaDESC,8
manuelbonilla94,6
drotorrent,10
FAOSDGs,2
AcadeGastroMLG,1
Uponor_ES,19
Acumen,1
gopro2050,6
BBC,1
CooperacionCom,2
paquiperezcs,25
Bernedox,5
CongresoCol,1
agenda2030,1
DeleGobCataluna,1
ilusiionpg,3
santander_es,30
sanwatforall,26
ANALYTICAec,2
PoliciaBogota,1
MapRDo,2
EvaluaALC,14
UNVM,1
Laraesku,8
danielsenderos,1
CursosVeranoUCM,5
JuarezCelmanGob,2
TorreDMSesmero,1
SILBARCELONA,4
IngenieriaSCI,1
BIDenergia,1
suromig,3
healtheconomics,1
FerminQuinones,13
ArrabalAID,1
frdelpino,3
unican,27
mccamposacunha,51
Reciclarg,3
CONADISRD,6
Esmeraldahm2001,1
espoo,1
evelinacabrera,1
margaritacdf,10
BioPappel,1
GrupoDisfrimur,6
SendasEcuador,1
itzelorozco,1
josefr791,1
EUROFIRMS,5
quek25,1
Tangente_coop,3
3CSCAMBIOS,4
TEC_UGR,10
PromocionaMujer,1
FedericoWals,2
SistemaB,2
AMIS_mx,2
Gabygiacomone11,1
nuriamarinlh,1
BelenMatesanz,1
cibervoluntario,76
BonacheaInalvis,6
febab,1
SAIANTIOQUIA,1
fundeps,1
RedAndaluzaCCC,2
CabildoLZ,1
MimyValencia,5
BTravelShow,3
PCB_UB,1
FundaEsquipulas,1
paradores,36
UPCTnoticias,3
AGN_noticias,2
MauroToroO,1
2030Accion,6
mcperdices,6
CODESPA,31
trento,1
yrhergon,4
AbalosArelis,3
Flanders_DFA,1
Uccaep,6
ManuPrietoOK,2
ONUMujeresMX,220
Pactforimpact,1
AytoMostoles,1
AFD_es,1
Ruta_N,5
ksamissionun,8
Rocio_BarreraB,1
ElisendBallest,1
Harvard,7
JuaniGon,1
desarrolloquito,1
ITforChange,1
ViceInterCUT,4
Secom_Edomex,1
IC_NewYork,28
BEscalonilla,2
wbcsd,10
ClimaPlusHn,1
USCIB,3
escuela2030,3
ElMercurio_cl,4
opsoms,1
DCaggiani,5
IHCAFE,1
iandradega,3
janaveros,1
GabSocialPy,7
MinisterioBBNN,1
manuelalara,1
Leire_deGuevara,2
gtoabierto,1
redaccioncomar,8
pedroreyesm,3
SiteSpain,1
gobiernogto,2
AlternaImpact,1
goib,1
CruzRojaMadrid,11
GIGAPP,4
JJ_Guz,1
jgarciaespil,1
gren,3
ActAlc,1
AsazguaGT,1
el_BID,37
VG_Rodriguez,4
CruzRoja,3
ComunidadOrgSol,1
GRI_Secretariat,29
RafaelFreyre,6
nnguerrero,2
CEPES2,34
ferrisssss,2
OIconversa,1
RMauricioValdes,1
ASEJASOCIACION,1
MargaritaDucci,7
nmonckeberg,1
PNUDPanama,99
EAFITSocial,1
INNOLID,1
SimarroEugenia,10
apciagencia,7
InjuveSpain,8
AGCICHILE,1
INJUVRM,1
sonaesierra_es,3
CES_Sevilla,10
ui1Universidad,1
OngInteRed,7
pladefacc,5
cbchileag,1
TACargas,1
AnaSainzMartin,13
MCiudadaniaNqn,1
izarotech,2
carolinagomez_h,1
ArturoRConstan1,2
LinaresLegal,9
AytoMurcia,9
INAFED_Mx,9
CabildoTenerife,2
comunidad2030,2
Unaula,8
matejcre,5
SusanaCegarra,1
InnovaCiudadana,1
mueveseguridad,1
fjmartosm,2
i_emprendedores,5
Casaarabe,3
CGDev,2
ASEnergia,1
chrisRive97,4
CaracasPlural,3
TurismoEc,1
tzaninetti,1
TerraCycle,3
eesostenibles,1
FAquae,33
CoopAmericas,3
navarro_alb,1
ONUecuador,37
AdmonUniandes,2
Calvo_es,8
AMEcuador,5
Europarl_ES,2
MSNConsultorias,1
WorldVisionGt,1
jlsimbana,1
obsdelmar,2
giz_gmbh,8
OITAmericas,1
UnidadVictimas,3
ProyectoBTS,2
CNSEinfo,6
OlimpiaLopezRo,1
Antalis_Iberia,4
TrasusArgentina,1
chtajo,5
Sandomendi,25
MIDEPLAN_CR,4
YaraPeru,2
fescancantabria,1
PlanificaEcu,2
unicef_es,14
Artangulo,8
wu_1,2
iriniw,2
ayuntamientoibi,2
CamarAmbiental,1
Pablo_Iglesias_,1
Ortiz_Irapuato,1
VolyEstrategia,34
COFACE_EU,1
BBVAWorld,1
christianbaez,1
gesiuris,4
Valencia_EC,1
CorProSUR,1
informacion_es,1
udelima,1
DIPIFaCESUC_B,1
theGIIN,2
planb_group,10
extradigital_es,3
InsideNatGeo,1
AsocDIRSE,7
MaritoAbdo,1
aliceshackel,6
IFLA,69
lopezobrador_,1
plemonche,2
citilab,1
1330am,1
Ingenio_CsicUpv,2
EUD_Brussels,1
aodenicholls,2
fg_ull,32
UnionEspazocoop,2
EstadoIgualdad,1
martaisabelg,16
kpvalarezo,1
saularellano,2
jslotin,2
AnfacAutomovil,3
UIPBA,3
Mariocorrale,3
inspiractionorg,5
CaminosDivulga,1
TequilaSmart,3
rodrilastreto,1
etsinfupv,3
Isabelssouza,12
cic,1
jomasarod,1
OlgaMontufar,1
HelpAgeLA,1
PageUruguay,15
mujomur,71
STeresaLeon,5
BIDInvest,4
ONU_es,572
UNICEFRD,8
utnsanfco,1
EcoAvant,1
OxfamIntermon,17
ConstrumatBCN,1
MisionGinebra,18
jbgoikoetxea,2
UdeMedellin_,1
SEAE_Agroecolog,1
ProyectosAmbing,13
BravoPuldain,3
Lidpm,5
Bandec97,1
cruzrojalcorcon,1
UNSDSN,236
eugemallol,1
daliaperezc,19
msolismarti,2
AsambleaCuba,375
MarAmate,3
MinTransporteCo,1
zaragozadeporte,1
INEGIMEXICO,2
Tintxo63,2
LetsDoItSV,11
GeotermiaA,44
sigenarg,3
ClubExportadore,4
empretecarg,6
CCBLE_Madrid,4
planetavitalorg,3
IRENA,2
CarlWeisbrod,3
centro8marzo,3
ULL,31
afecspain,2
Lafede_cat,1
MediUniandes,3
dsocial_gob,11
pelopanton,5
ed_hawkins,1
fundacionICAI,1
WomenBcn,2
JalomaMx,1
CatedraRSC_UAH,17
PlasticsEurope,2
MediapostSpain,2
Unilever,1
ComisionOds,41
PlanPaisVzla,1
Encuentros2030,6
CIberoamerica,3
pedropalaciosu,1
UmuODSesiones,2
CreemosAlianzaC,2
OficinaVerdeUZ,7
dickelmamadou,3
FVarazdin,2
Alianza2030RTVE,4
rubendmarquez,2
FundlaCaixaCAT,1
ieiuchile,9
La_UPM,27
smgthink,2
B_Leclerc_AFD,1
MYWorldMexico,14
subtel_chile,1
RallyCosta,1
TReciclarte,3
UNICEFGalicia,3
FeyAlegriaPeru,1
SpecialistsES,3
RobertoDabusti,1
AgroDer,9
elcolombiano,5
evaantonfer,1
FernandoVallada,1
BancoSabadell,1
mcampobernal,8
fmapfre,3
Empresarioszgz,3
GroupamaAM_ES,1
agenersurrell,1
AranchaMtnez_,2
UGT_INT,1
DBGreenAlliance,1
ONUGuatemala,39
mreparaguay,7
UNISDR_Americas,11
samuelazout,1
decidamospy,34
FCC_Group,13
YourOurs,1
FundacionAtabal,1
PARLASUR,11
AlemanyCecilia,3
ICDA_UCC,1
ijnetEs,4
marcosgonzalezm,13
UNIAPRAVI,1
namilolo,1
25MaHa,3
ods2,1
OPECT_UPCT,3
sic4change,4
Sonidlosbosques,2
AngelCelorrio,2
Gentilebruno,1
carlachizmar,1
CeDeC_intef,2
JFCalero,2
Lucesgomez,3
HacesMas,7
VOCES_CSocial,3
SsuperLe,1
EneresEs,21
AnaV_Serrano,3
UNFPA_RD,6
AndreaniOk,7
pedro_moga,1
BelenFCasero,6
DiegoAroca6,1
Juanjo_mlozano,3
volunteergroups,1
EQAGrupo,3
RevistaRETEMA,1
aperezabaleta,1
seguroslacaja,2
SocialabUy,17
AlfonsoCortesA,1
cientifica_sur,3
bancoicuba,1
degroofpetercam,1
Faconauto_com,2
helenaancos,5
CWennerholm,1
JohnEmprende,6
SilviaCFerreyra,6
DialogosCanal11,2
unlp,4
TairaPena,1
ambientequito,1
ONCE_oficial,12
_CEPAZ,41
fiscal_es,5
usacenlinea,1
mjguardiola1974,1
CRE_Villalba,11
AliciaBesada,1
PlanasRodiles,1
COCantabria,2
citizenIBM,1
ALCsinhambre,1
anamalvarez04,7
Parks_Tau,6
ioe,1
justiciagob,1
UECoE3,13
diegosinhue,2
DianaSedalYanes,3
CEPREDENAC,1
UniElectrica,2
SDGoals,3
COVRI_org,5
porCausaorg,9
infoCEPEI,74
IsabelDiazEmp,20
ParaguayTVHD,5
CruzRojaCorrHen,2
Kennedy_School,8
MinagriCL,1
GEM_es,10
albanodealonso,1
ConfecoopCol,1
CESA_edu,2
SVoice2030,1
iabs_brasilia,1
ibonantero,1
FESnewsbrief,1
joannaskorupska,1
TRF_Stories,1
MunicipioOaxaca,1
IbercajaSocial,12
GADMT04,1
acmilalbacete,1
931_fm,1
RedReconoce,3
UNCaboVerde,1
cbpAtacama,1
IntegridadMx,53
CONGDRMurcia,1
EspacioAnepma,1
IGADI_info,3
AlfonsoNietoLp,1
CarlosMataix1,1
Proantioquia,1
MAS_Business,13
UNICEFargentina,1
ierseuda,1
MaruUrbano,2
PresidenciaPy,1
eusumogal,1
CSIC,134
AmChamCol,1
ClubPopeye,6
ClimaInves,1
CONAIP_SNT,1
aragontv,1
danielvalerog,7
PolExt,1
ceciliabottino,1
luisalbertoulla,10
Leon_Joven,1
Samiasociacion,9
felixseijasr,2
vmva1950,1
mackarthur36,1
HBO,1
lanoria_mlg,2
mostdesarrollo,2
_CITY_FOLLOWERS,4
AnaTMuro,6
CamagroGuate,1
santimalvicino,4
cantabriacoope1,1
sonia_chirinos,2
AEMET_Esp,1
ecologiaverde,1
JavierDoz1,4
JosepBorrellF,8
CIO_COMPANY,5
LifeLugoBio,2
reaspv,1
EPentretodos,1
EducatingCities,4
UNDP_SDGs,1
UNAM_MX,1
RenabiAr_Ok,4
ISGLOBALorg,6
diarioresponsab,15
a_caeo,1
bdamendoza,1
fmujeres,2
rodysuarez,1
nati_aquilino,1
IngAbreuOrtiz,3
Mesa3sectorAst,4
urnadecristal,3
UNVolunteers,1
RoureSarah,1
onetandem,6
AytoCalasparra,1
transitiontowns,3
Expresoec,2
VerdelaTierra,4
redamazonia,1
MiquelCarr,23
UNCTAD,3
RedAgenda2030MX,3
MCMC_es,1
IBM_ES,1
FATFNews,1
UCPy,1
MiriamLeiros,11
Servimedia,6
oagirregoitia,1
aarranzcad,2
oskigutuitter,1
Celeniavp,3
lavozdeyaguajay,1
DefensoriaCABA,2
LachamnPrasad1,1
TAZEBAEZ,1
TressisSV,4
Sociolidarios,1
MovidosxChile,20
eleconomista,1
raquel_arenal,3
Platforma4Dev,15
dorizapataA,1
PactoColombiaPE,6
EUROCLIMA_UE_AL,3
auf_org,8
ioevoice,1
CarlosHolmesTru,5
bredruel,1
deliCroc,7
FUNCASES,1
aliciabarcena,261
EmpresasCMPC,3
OECDEduSkills,2
MLGparticipa,1
europeaid,17
jamasid,4
AcleMarcos,4
letsdoitworld,7
CruzRojaEsp,16
SantillanaLAB,1
OEA_GestionPub,1
MedioAmbienteLP,2
UNESCAP,1
ACBJ_OK,21
AmerSolidariaUS,1
R4SGroup,1
antonigr,6
FCEET_UAH,1
P_Orliange,2
discapacidadcom,8
globalprobono,2
AminaJMohammed,6
BMCadiz,4
CentroOds,475
CancilleriaHN,7
Ship2B,1
aguasdelorca,5
ONUFemmes,1
IDV_EC,1
VOrtCam,1
reverdeconcausa,9
ESADE,6
La_network,1
SistemaBUruguay,3
Vice_Ec,5
UNDP_ART,25
citelumNA,2
cutcolombia,14
BordePolitico,2
CanalUGR,1
CMontiller,1
clic_koala,18
Cantabria_Rural,2
MorganAbogados,2
MartaAymerich,2
CDH_Defensoria,8
IPUparliament,1
SinTrabinfantil,5
MuniGodoyCruz,3
POBRESAZEROCV,1
PADSTecho,1
ClaudiaAvilaC,3
ConcelloDeVigo,1
CruzRojaInforma,4
TetraPakAr,2
ituc,19
CoLab_UC,3
UnescoVOcampo,1
laboratorio_lid,5
davizescobar,2
gkonecta,5
ppelaezz,1
esimpact,2
UCOMILLAS,16
tonyvives,53
FreiderSantana,3
Anerr_,3
PARLACEN,5
RAriasD,5
arieloviedo,1
RelevoContigo,1
publiviasve,1
PwC_Spain,4
Biodistretti,1
goldstandard,1
elconfidencial,22
NaturayCultura2,3
ObservacomU,4
Cooper2030ods,15
MdpDS_uc3m,1
bancalimentos,3
citmacuba,5
RSCmlg,1
onuhabitat,37
UnidadCPE,5
TelefonicaPA,1
JuntsXCat,1
una_web,5
Elizita,1
encuentrosucm,6
PhDOscarCobar,1
ComunidadMadrid,1
beatrizbecerrab,12
sigfito,1
Udapa_coop,2
IpsenGroup,6
Techo,34
AllianzGI_Esp,1
UA_Universitat,1
prog17retos,9
OpenValueFound,3
GVAparcs,7
uclm_es,2
IntendenciaD,1
FUMECalc,1
kokyaguilar27,1
parwasisa,4
elcorreogallego,1
agroecociudades,7
PesquisaPUJ,6
ecointeligencia,2
icao,1
AgenciaSust,4
Atlantic_Copper,1
AguaPuertollano,12
hans_ebeni,2
ABUDHABI_FUND,2
aina_calvo,12
regiondemurcia,1
ferrovial_es,9
fundcolunga,4
MilaRamosCastro,7
UNICEFuruguay,1
farmidable_es,1
_CEAES,1
alopezdeavila,1
FFIcaribe,1
desdelamoncloa,68
UESEVI,8
ForoPublica,10
AtabalSer,2
GestoresEU,6
FacilitoRed,2
RevistaSemana,1
KarolArambula,2
HPE,1
YaraIberian,1
M_AmbienteGto,2
Promedon,1
LidiaFromm,4
javiermoleroseg,9
involucraodscyl,1
GabyFabregat_,1
CienciaGob,14
ctxt_es,2
EmbajadaEspSOF,2
ChileVoluntario,16
festgalicia,2
ConcelloNigran,4
RHenpositiu,1
mariaphickman,13
uniRSE,3
FOSinclair,2
Macuarmisen,2
SalaPaulJerez,3
fomentomlg,1
RedGCTI,1
pilarbespin,1
UCLG_Saiz,6
ECA_OFFICIAL,5
Mariluort,1
ramonsuarez_,3
Agenda2030Oax,8
AlinoKaterine,2
FundacionICO,1
congresoAEIPRO,1
ubpascal,2
Jennifer_WFP,4
AlejSanta,80
CIMMYTesp,4
DiputacionCC,1
Corresponsables,149
vlopezsaavedra,6
RGrynspan,47
malonso_9,1
DanielMChef4,1
FSJD_Investiga,2
USMApanama,3
_Ana_Pimenta_,1
SmartCampusUMA,3
portAmerica,2
lamelga,1
OsBenfeito,1
BicsaCuba,1
molakarla,1
PepsiCo_ESP,8
OIJ_DIGITAL,51
HumanaSpain,1
j_groizard,2
agaviriau,54
koMartinez,1
IrmaMartinezC,8
NestorPopolizio,1
BEABOR,26
bpmmadrid,1
cepal_onu,562
juanfercs,1
tv4guanajuato,5
Colegiocaminos,1
adrurex,1
educacyl,4
MMartinezMira,2
esglobal_org,6
villaraco,10
unescoUR,9
agaramendil,35
Veronica_Lerda,1
Bayer4CropsAR,2
elpais_espana,3
SweMFADevCoDept,1
pabloparola,2
alexruiz007,1
JuanBauFer,1
Xavier_MF,1
AlejandraDamian,2
Con_Creci,1
WKAdmonPublica,1
hospitalplato,6
CFarmaceutico,1
mens_os,1
laverdad_es,1
Inpsicon,2
TecdeMonterrey,1
mnietocarrero,3
gobermorona_s,1
Aramuacaco,1
BrunoRguezP,1
losdelvolcan,3
SejuveQro,6
dragoneslvpies,5
odebconuee,1
cristinagallach,125
VALOSRSE1,49
uziel51,1
predic2100,13
MIEM_Uruguay,1
AnSANTAMARIA,1
Areametropol,1
INEGI_INFORMA,2
dinantca,1
SheTrades,1
gobjccm,2
SoyQubo,2
rescysalvador,2
GVAagroambient,7
MafeCaicedoR,2
mirnayonis,8
RSanSalvador,1
sergiobotana,1
raimundolopezn,1
OnePlanetOneSol,1
aulaenergia,7
ParlAmericas,2
isa_barrajon,16
